N-Gram,Min DF,Max DF,Model,Accuracy,F1,TN,FN,TP,FP,Tokens
"(1, 1)",5,0.6,svm,0.74,0.7310344827586207,116,44,106,34,"['-', '1', '10', '2', '3', '30', '5', 'absolut', 'also', 'alway', 'amaz', 'ambianc', 'ani', 'anoth', 'anytim', 'area', 'around', 'arriv', 'ask', 'atmospher', 'attent', 'authent', 'avoid', 'away', 'awesom', 'back', 'bacon', 'bad', 'bar', 'bare', 'bathroom', 'beauti', 'becaus', 'beef', 'beer', 'befor', 'best', 'better', 'bit', 'bland', 'bread', 'breakfast', 'bring', 'buffet', 'burger', 'busi', 'came', 'check', 'chef', 'chicken', 'chip', 'clean', 'close', 'cold', 'come', 'consid', 'cook', 'could', 'custom', 'day', 'deal', 'decor', 'definit', 'delici', 'delight', 'dessert', 'dine', 'dinner', 'disappoint', 'dish', 'done', 'dri', 'drink', 'drive', 'dure', 'eat', 'eaten', 'egg', 'either', 'enjoy', 'enough', 'even', 'ever', 'everi', 'everyth', 'excel', 'expect', 'experi', 'extrem', 'famili', 'fantast', 'far', 'fast', 'feel', 'felt', 'first', 'fish', 'flavor', 'food', 'found', 'fresh', 'fri', 'friend', 'friendli', 'full', 'get', 'give', 'go', 'good', 'got', 'great', 'ha', 'hand', 'happi', 'hard', 'heart', 'help', 'hi', 'hit', 'home', 'hope', 'horribl', 'hot', 'hour', 'huge', 'ice', 'impress', 'incred', 'insid', 'kept', 'know', 'lack', 'larg', 'last', 'leav', 'left', 'like', 'littl', 'live', 'locat', 'look', 'lot', 'love', 'lunch', 'made', 'make', 'manag', 'mani', 'may', 'meal', 'meat', 'mediocr', 'menu', 'minut', 'money', 'mouth', 'much', 'must', 'need', 'never', 'new', 'next', 'nice', 'night', 'noth', 'old', 'onc', 'one', 'onli', 'order', 'outsid', 'overal', 'overpr', 'owner', 'pay', 'peopl', 'perfect', 'pho', 'pizza', 'place', 'pleas', 'poor', 'portion', 'potato', 'pretti', 'price', 'probabl', 'qualiti', 'quick', 'quit', 'rare', 'real', 'realli', 'reason', 'recommend', 'restaur', 'return', 'review', 'right', 'roll', 'rude', 'said', 'salad', 'sandwich', 'sat', 'sauc', 'say', 'seafood', 'seat', 'see', 'select', 'serious', 'serv', 'server', 'servic', 'set', 'shrimp', 'sick', 'side', 'sinc', 'slow', 'small', 'soon', 'special', 'spici', 'spot', 'staff', 'star', 'stay', 'steak', 'still', 'suck', 'super', 'sure', 'sushi', 'sweet', 'tabl', 'taco', 'take', 'talk', 'tast', 'tasteless', 'tasti', 'tell', 'tender', 'terribl', 'thai', 'thi', 'thing', 'think', 'thought', 'time', 'took', 'total', 'town', 'treat', 'tri', 'trip', 'twice', 'two', 'us', 'use', 'vega', 'veri', 'visit', 'wa', 'wait', 'waiter', 'waitress', 'want', 'warm', 'wast', 'watch', 'way', 'well', 'went', 'wine', 'wonder', 'worst', 'worth', 'would', 'wrong', 'year']"
"(1, 1)",5,0.6,mnb,0.7566666666666667,0.7652733118971061,108,31,119,42,"['-', '1', '10', '2', '3', '30', '5', 'absolut', 'also', 'alway', 'amaz', 'ambianc', 'ani', 'anoth', 'anytim', 'area', 'around', 'arriv', 'ask', 'atmospher', 'attent', 'authent', 'avoid', 'away', 'awesom', 'back', 'bacon', 'bad', 'bar', 'bare', 'bathroom', 'beauti', 'becaus', 'beef', 'beer', 'befor', 'best', 'better', 'bit', 'bland', 'bread', 'breakfast', 'bring', 'buffet', 'burger', 'busi', 'came', 'check', 'chef', 'chicken', 'chip', 'clean', 'close', 'cold', 'come', 'consid', 'cook', 'could', 'custom', 'day', 'deal', 'decor', 'definit', 'delici', 'delight', 'dessert', 'dine', 'dinner', 'disappoint', 'dish', 'done', 'dri', 'drink', 'drive', 'dure', 'eat', 'eaten', 'egg', 'either', 'enjoy', 'enough', 'even', 'ever', 'everi', 'everyth', 'excel', 'expect', 'experi', 'extrem', 'famili', 'fantast', 'far', 'fast', 'feel', 'felt', 'first', 'fish', 'flavor', 'food', 'found', 'fresh', 'fri', 'friend', 'friendli', 'full', 'get', 'give', 'go', 'good', 'got', 'great', 'ha', 'hand', 'happi', 'hard', 'heart', 'help', 'hi', 'hit', 'home', 'hope', 'horribl', 'hot', 'hour', 'huge', 'ice', 'impress', 'incred', 'insid', 'kept', 'know', 'lack', 'larg', 'last', 'leav', 'left', 'like', 'littl', 'live', 'locat', 'look', 'lot', 'love', 'lunch', 'made', 'make', 'manag', 'mani', 'may', 'meal', 'meat', 'mediocr', 'menu', 'minut', 'money', 'mouth', 'much', 'must', 'need', 'never', 'new', 'next', 'nice', 'night', 'noth', 'old', 'onc', 'one', 'onli', 'order', 'outsid', 'overal', 'overpr', 'owner', 'pay', 'peopl', 'perfect', 'pho', 'pizza', 'place', 'pleas', 'poor', 'portion', 'potato', 'pretti', 'price', 'probabl', 'qualiti', 'quick', 'quit', 'rare', 'real', 'realli', 'reason', 'recommend', 'restaur', 'return', 'review', 'right', 'roll', 'rude', 'said', 'salad', 'sandwich', 'sat', 'sauc', 'say', 'seafood', 'seat', 'see', 'select', 'serious', 'serv', 'server', 'servic', 'set', 'shrimp', 'sick', 'side', 'sinc', 'slow', 'small', 'soon', 'special', 'spici', 'spot', 'staff', 'star', 'stay', 'steak', 'still', 'suck', 'super', 'sure', 'sushi', 'sweet', 'tabl', 'taco', 'take', 'talk', 'tast', 'tasteless', 'tasti', 'tell', 'tender', 'terribl', 'thai', 'thi', 'thing', 'think', 'thought', 'time', 'took', 'total', 'town', 'treat', 'tri', 'trip', 'twice', 'two', 'us', 'use', 'vega', 'veri', 'visit', 'wa', 'wait', 'waiter', 'waitress', 'want', 'warm', 'wast', 'watch', 'way', 'well', 'went', 'wine', 'wonder', 'worst', 'worth', 'would', 'wrong', 'year']"
"(1, 2)",5,0.6,svm,0.75,0.734982332155477,121,46,104,29,"['-', '1', '10', '2', '3', '30', '5', 'absolut', 'also', 'alway', 'amaz', 'ambianc', 'ani', 'anoth', 'anytim', 'anytim soon', 'area', 'around', 'arriv', 'ask', 'atmospher', 'attent', 'authent', 'avoid', 'away', 'awesom', 'back', 'bacon', 'bad', 'bar', 'bare', 'bathroom', 'beauti', 'becaus', 'beef', 'beer', 'befor', 'best', 'better', 'bit', 'bland', 'bread', 'breakfast', 'bring', 'buffet', 'burger', 'busi', 'came', 'check', 'chef', 'chicken', 'chip', 'clean', 'close', 'cold', 'come', 'come back', 'consid', 'cook', 'could', 'custom', 'custom servic', 'day', 'deal', 'decor', 'definit', 'delici', 'delight', 'dessert', 'dine', 'dinner', 'disappoint', 'dish', 'done', 'dri', 'drink', 'drive', 'dure', 'eat', 'eaten', 'egg', 'either', 'enjoy', 'enough', 'even', 'ever', 'everi', 'everyth', 'everyth wa', 'excel', 'expect', 'experi', 'extrem', 'famili', 'fantast', 'far', 'fast', 'feel', 'feel like', 'felt', 'first', 'first time', 'fish', 'flavor', 'food', 'food servic', 'food wa', 'found', 'fresh', 'fri', 'friend', 'friendli', 'full', 'get', 'give', 'go', 'go back', 'good', 'good food', 'got', 'great', 'great food', 'great place', 'great servic', 'ha', 'hand', 'happi', 'hard', 'heart', 'help', 'hi', 'hit', 'home', 'hope', 'horribl', 'hot', 'hour', 'huge', 'ice', 'impress', 'incred', 'insid', 'kept', 'know', 'lack', 'larg', 'last', 'leav', 'left', 'like', 'like thi', 'littl', 'live', 'locat', 'look', 'lot', 'love', 'love thi', 'lunch', 'made', 'make', 'manag', 'mani', 'may', 'meal', 'meat', 'mediocr', 'menu', 'minut', 'money', 'mouth', 'much', 'must', 'need', 'never', 'new', 'next', 'nice', 'night', 'noth', 'old', 'onc', 'one', 'onli', 'order', 'outsid', 'overal', 'overpr', 'owner', 'pay', 'peopl', 'perfect', 'pho', 'pizza', 'place', 'pleas', 'poor', 'portion', 'potato', 'pretti', 'price', 'probabl', 'qualiti', 'quick', 'quit', 'rare', 'real', 'realli', 'realli good', 'reason', 'recommend', 'recommend thi', 'restaur', 'return', 'review', 'right', 'roll', 'rude', 'said', 'salad', 'sandwich', 'sat', 'sauc', 'say', 'seafood', 'seat', 'see', 'select', 'serious', 'serv', 'server', 'server wa', 'servic', 'servic wa', 'set', 'shrimp', 'sick', 'side', 'sinc', 'slow', 'small', 'soon', 'special', 'spici', 'spot', 'staff', 'star', 'stay', 'steak', 'still', 'suck', 'super', 'sure', 'sushi', 'sweet', 'tabl', 'taco', 'take', 'talk', 'tast', 'tasteless', 'tasti', 'tell', 'tender', 'terribl', 'thai', 'thi', 'thi one', 'thi place', 'thi wa', 'thing', 'think', 'thought', 'time', 'took', 'total', 'town', 'treat', 'tri', 'trip', 'twice', 'two', 'us', 'use', 'vega', 'veri', 'veri disappoint', 'veri good', 'visit', 'wa', 'wa amaz', 'wa delici', 'wa first', 'wa good', 'wa great', 'wa pretti', 'wa terribl', 'wa veri', 'wait', 'waiter', 'waitress', 'waitress wa', 'want', 'warm', 'wast', 'watch', 'way', 'well', 'went', 'wine', 'wonder', 'worst', 'worth', 'would', 'wrong', 'year']"
"(1, 2)",5,0.6,mnb,0.7633333333333333,0.7656765676567656,113,34,116,37,"['-', '1', '10', '2', '3', '30', '5', 'absolut', 'also', 'alway', 'amaz', 'ambianc', 'ani', 'anoth', 'anytim', 'anytim soon', 'area', 'around', 'arriv', 'ask', 'atmospher', 'attent', 'authent', 'avoid', 'away', 'awesom', 'back', 'bacon', 'bad', 'bar', 'bare', 'bathroom', 'beauti', 'becaus', 'beef', 'beer', 'befor', 'best', 'better', 'bit', 'bland', 'bread', 'breakfast', 'bring', 'buffet', 'burger', 'busi', 'came', 'check', 'chef', 'chicken', 'chip', 'clean', 'close', 'cold', 'come', 'come back', 'consid', 'cook', 'could', 'custom', 'custom servic', 'day', 'deal', 'decor', 'definit', 'delici', 'delight', 'dessert', 'dine', 'dinner', 'disappoint', 'dish', 'done', 'dri', 'drink', 'drive', 'dure', 'eat', 'eaten', 'egg', 'either', 'enjoy', 'enough', 'even', 'ever', 'everi', 'everyth', 'everyth wa', 'excel', 'expect', 'experi', 'extrem', 'famili', 'fantast', 'far', 'fast', 'feel', 'feel like', 'felt', 'first', 'first time', 'fish', 'flavor', 'food', 'food servic', 'food wa', 'found', 'fresh', 'fri', 'friend', 'friendli', 'full', 'get', 'give', 'go', 'go back', 'good', 'good food', 'got', 'great', 'great food', 'great place', 'great servic', 'ha', 'hand', 'happi', 'hard', 'heart', 'help', 'hi', 'hit', 'home', 'hope', 'horribl', 'hot', 'hour', 'huge', 'ice', 'impress', 'incred', 'insid', 'kept', 'know', 'lack', 'larg', 'last', 'leav', 'left', 'like', 'like thi', 'littl', 'live', 'locat', 'look', 'lot', 'love', 'love thi', 'lunch', 'made', 'make', 'manag', 'mani', 'may', 'meal', 'meat', 'mediocr', 'menu', 'minut', 'money', 'mouth', 'much', 'must', 'need', 'never', 'new', 'next', 'nice', 'night', 'noth', 'old', 'onc', 'one', 'onli', 'order', 'outsid', 'overal', 'overpr', 'owner', 'pay', 'peopl', 'perfect', 'pho', 'pizza', 'place', 'pleas', 'poor', 'portion', 'potato', 'pretti', 'price', 'probabl', 'qualiti', 'quick', 'quit', 'rare', 'real', 'realli', 'realli good', 'reason', 'recommend', 'recommend thi', 'restaur', 'return', 'review', 'right', 'roll', 'rude', 'said', 'salad', 'sandwich', 'sat', 'sauc', 'say', 'seafood', 'seat', 'see', 'select', 'serious', 'serv', 'server', 'server wa', 'servic', 'servic wa', 'set', 'shrimp', 'sick', 'side', 'sinc', 'slow', 'small', 'soon', 'special', 'spici', 'spot', 'staff', 'star', 'stay', 'steak', 'still', 'suck', 'super', 'sure', 'sushi', 'sweet', 'tabl', 'taco', 'take', 'talk', 'tast', 'tasteless', 'tasti', 'tell', 'tender', 'terribl', 'thai', 'thi', 'thi one', 'thi place', 'thi wa', 'thing', 'think', 'thought', 'time', 'took', 'total', 'town', 'treat', 'tri', 'trip', 'twice', 'two', 'us', 'use', 'vega', 'veri', 'veri disappoint', 'veri good', 'visit', 'wa', 'wa amaz', 'wa delici', 'wa first', 'wa good', 'wa great', 'wa pretti', 'wa terribl', 'wa veri', 'wait', 'waiter', 'waitress', 'waitress wa', 'want', 'warm', 'wast', 'watch', 'way', 'well', 'went', 'wine', 'wonder', 'worst', 'worth', 'would', 'wrong', 'year']"
"(1, 3)",5,0.6,svm,0.77,0.759581881533101,122,41,109,28,"['-', '1', '10', '2', '3', '30', '5', 'absolut', 'also', 'alway', 'amaz', 'ambianc', 'ani', 'anoth', 'anytim', 'anytim soon', 'area', 'around', 'arriv', 'ask', 'atmospher', 'attent', 'authent', 'avoid', 'away', 'awesom', 'back', 'bacon', 'bad', 'bar', 'bare', 'bathroom', 'beauti', 'becaus', 'beef', 'beer', 'befor', 'best', 'better', 'bit', 'bland', 'bread', 'breakfast', 'bring', 'buffet', 'burger', 'busi', 'came', 'check', 'chef', 'chicken', 'chip', 'clean', 'close', 'cold', 'come', 'come back', 'consid', 'cook', 'could', 'custom', 'custom servic', 'day', 'deal', 'decor', 'definit', 'delici', 'delight', 'dessert', 'dine', 'dinner', 'disappoint', 'dish', 'done', 'dri', 'drink', 'drive', 'dure', 'eat', 'eaten', 'egg', 'either', 'enjoy', 'enough', 'even', 'ever', 'everi', 'everyth', 'everyth wa', 'excel', 'expect', 'experi', 'extrem', 'famili', 'fantast', 'far', 'fast', 'feel', 'feel like', 'felt', 'first', 'first time', 'fish', 'flavor', 'food', 'food servic', 'food wa', 'found', 'fresh', 'fri', 'friend', 'friendli', 'full', 'get', 'give', 'go', 'go back', 'good', 'good food', 'got', 'great', 'great food', 'great place', 'great servic', 'ha', 'hand', 'happi', 'hard', 'heart', 'help', 'hi', 'hit', 'home', 'hope', 'horribl', 'hot', 'hour', 'huge', 'ice', 'impress', 'incred', 'insid', 'kept', 'know', 'lack', 'larg', 'last', 'leav', 'left', 'like', 'like thi', 'littl', 'live', 'locat', 'look', 'lot', 'love', 'love thi', 'lunch', 'made', 'make', 'manag', 'mani', 'may', 'meal', 'meat', 'mediocr', 'menu', 'minut', 'money', 'mouth', 'much', 'must', 'need', 'never', 'new', 'next', 'nice', 'night', 'noth', 'old', 'onc', 'one', 'onli', 'order', 'outsid', 'overal', 'overpr', 'owner', 'pay', 'peopl', 'perfect', 'pho', 'pizza', 'place', 'pleas', 'poor', 'portion', 'potato', 'pretti', 'price', 'probabl', 'qualiti', 'quick', 'quit', 'rare', 'real', 'realli', 'realli good', 'reason', 'recommend', 'recommend thi', 'recommend thi place', 'restaur', 'return', 'review', 'right', 'roll', 'rude', 'said', 'salad', 'sandwich', 'sat', 'sauc', 'say', 'seafood', 'seat', 'see', 'select', 'serious', 'serv', 'server', 'server wa', 'servic', 'servic wa', 'set', 'shrimp', 'sick', 'side', 'sinc', 'slow', 'small', 'soon', 'special', 'spici', 'spot', 'staff', 'star', 'stay', 'steak', 'still', 'suck', 'super', 'sure', 'sushi', 'sweet', 'tabl', 'taco', 'take', 'talk', 'tast', 'tasteless', 'tasti', 'tell', 'tender', 'terribl', 'thai', 'thi', 'thi one', 'thi place', 'thi wa', 'thing', 'think', 'thought', 'time', 'took', 'total', 'town', 'treat', 'tri', 'trip', 'twice', 'two', 'us', 'use', 'vega', 'veri', 'veri disappoint', 'veri good', 'visit', 'wa', 'wa amaz', 'wa delici', 'wa first', 'wa good', 'wa great', 'wa pretti', 'wa terribl', 'wa veri', 'wait', 'waiter', 'waitress', 'waitress wa', 'want', 'warm', 'wast', 'watch', 'way', 'well', 'went', 'wine', 'wonder', 'worst', 'worth', 'would', 'wrong', 'year']"
"(1, 3)",5,0.6,mnb,0.7733333333333333,0.7733333333333333,116,34,116,34,"['-', '1', '10', '2', '3', '30', '5', 'absolut', 'also', 'alway', 'amaz', 'ambianc', 'ani', 'anoth', 'anytim', 'anytim soon', 'area', 'around', 'arriv', 'ask', 'atmospher', 'attent', 'authent', 'avoid', 'away', 'awesom', 'back', 'bacon', 'bad', 'bar', 'bare', 'bathroom', 'beauti', 'becaus', 'beef', 'beer', 'befor', 'best', 'better', 'bit', 'bland', 'bread', 'breakfast', 'bring', 'buffet', 'burger', 'busi', 'came', 'check', 'chef', 'chicken', 'chip', 'clean', 'close', 'cold', 'come', 'come back', 'consid', 'cook', 'could', 'custom', 'custom servic', 'day', 'deal', 'decor', 'definit', 'delici', 'delight', 'dessert', 'dine', 'dinner', 'disappoint', 'dish', 'done', 'dri', 'drink', 'drive', 'dure', 'eat', 'eaten', 'egg', 'either', 'enjoy', 'enough', 'even', 'ever', 'everi', 'everyth', 'everyth wa', 'excel', 'expect', 'experi', 'extrem', 'famili', 'fantast', 'far', 'fast', 'feel', 'feel like', 'felt', 'first', 'first time', 'fish', 'flavor', 'food', 'food servic', 'food wa', 'found', 'fresh', 'fri', 'friend', 'friendli', 'full', 'get', 'give', 'go', 'go back', 'good', 'good food', 'got', 'great', 'great food', 'great place', 'great servic', 'ha', 'hand', 'happi', 'hard', 'heart', 'help', 'hi', 'hit', 'home', 'hope', 'horribl', 'hot', 'hour', 'huge', 'ice', 'impress', 'incred', 'insid', 'kept', 'know', 'lack', 'larg', 'last', 'leav', 'left', 'like', 'like thi', 'littl', 'live', 'locat', 'look', 'lot', 'love', 'love thi', 'lunch', 'made', 'make', 'manag', 'mani', 'may', 'meal', 'meat', 'mediocr', 'menu', 'minut', 'money', 'mouth', 'much', 'must', 'need', 'never', 'new', 'next', 'nice', 'night', 'noth', 'old', 'onc', 'one', 'onli', 'order', 'outsid', 'overal', 'overpr', 'owner', 'pay', 'peopl', 'perfect', 'pho', 'pizza', 'place', 'pleas', 'poor', 'portion', 'potato', 'pretti', 'price', 'probabl', 'qualiti', 'quick', 'quit', 'rare', 'real', 'realli', 'realli good', 'reason', 'recommend', 'recommend thi', 'recommend thi place', 'restaur', 'return', 'review', 'right', 'roll', 'rude', 'said', 'salad', 'sandwich', 'sat', 'sauc', 'say', 'seafood', 'seat', 'see', 'select', 'serious', 'serv', 'server', 'server wa', 'servic', 'servic wa', 'set', 'shrimp', 'sick', 'side', 'sinc', 'slow', 'small', 'soon', 'special', 'spici', 'spot', 'staff', 'star', 'stay', 'steak', 'still', 'suck', 'super', 'sure', 'sushi', 'sweet', 'tabl', 'taco', 'take', 'talk', 'tast', 'tasteless', 'tasti', 'tell', 'tender', 'terribl', 'thai', 'thi', 'thi one', 'thi place', 'thi wa', 'thing', 'think', 'thought', 'time', 'took', 'total', 'town', 'treat', 'tri', 'trip', 'twice', 'two', 'us', 'use', 'vega', 'veri', 'veri disappoint', 'veri good', 'visit', 'wa', 'wa amaz', 'wa delici', 'wa first', 'wa good', 'wa great', 'wa pretti', 'wa terribl', 'wa veri', 'wait', 'waiter', 'waitress', 'waitress wa', 'want', 'warm', 'wast', 'watch', 'way', 'well', 'went', 'wine', 'wonder', 'worst', 'worth', 'would', 'wrong', 'year']"
"(1, 1)",5,0.8,svm,0.7033333333333334,0.6983050847457627,108,47,103,42,"['-', '1', '10', '2', '3', '30', '5', 'absolut', 'also', 'alway', 'amaz', 'ambianc', 'ani', 'anoth', 'anytim', 'area', 'around', 'arriv', 'ask', 'atmospher', 'attent', 'authent', 'avoid', 'away', 'awesom', 'back', 'bacon', 'bad', 'bar', 'bare', 'bathroom', 'beauti', 'becaus', 'beef', 'beer', 'befor', 'best', 'better', 'bit', 'bland', 'bread', 'breakfast', 'bring', 'buffet', 'burger', 'busi', 'came', 'check', 'chef', 'chicken', 'chip', 'clean', 'close', 'cold', 'come', 'consid', 'cook', 'could', 'custom', 'day', 'deal', 'decor', 'definit', 'delici', 'delight', 'dessert', 'dine', 'dinner', 'disappoint', 'dish', 'done', 'dri', 'drink', 'drive', 'dure', 'eat', 'eaten', 'egg', 'either', 'enjoy', 'enough', 'even', 'ever', 'everi', 'everyth', 'excel', 'expect', 'experi', 'extrem', 'famili', 'fantast', 'far', 'fast', 'feel', 'felt', 'first', 'fish', 'flavor', 'food', 'found', 'fresh', 'fri', 'friend', 'friendli', 'full', 'get', 'give', 'go', 'good', 'got', 'great', 'ha', 'hand', 'happi', 'hard', 'heart', 'help', 'hi', 'hit', 'home', 'hope', 'horribl', 'hot', 'hour', 'huge', 'ice', 'impress', 'incred', 'insid', 'kept', 'know', 'lack', 'larg', 'last', 'leav', 'left', 'like', 'littl', 'live', 'locat', 'look', 'lot', 'love', 'lunch', 'made', 'make', 'manag', 'mani', 'may', 'meal', 'meat', 'mediocr', 'menu', 'minut', 'money', 'mouth', 'much', 'must', 'need', 'never', 'new', 'next', 'nice', 'night', 'noth', 'old', 'onc', 'one', 'onli', 'order', 'outsid', 'overal', 'overpr', 'owner', 'pay', 'peopl', 'perfect', 'pho', 'pizza', 'place', 'pleas', 'poor', 'portion', 'potato', 'pretti', 'price', 'probabl', 'qualiti', 'quick', 'quit', 'rare', 'real', 'realli', 'reason', 'recommend', 'restaur', 'return', 'review', 'right', 'roll', 'rude', 'said', 'salad', 'sandwich', 'sat', 'sauc', 'say', 'seafood', 'seat', 'see', 'select', 'serious', 'serv', 'server', 'servic', 'set', 'shrimp', 'sick', 'side', 'sinc', 'slow', 'small', 'soon', 'special', 'spici', 'spot', 'staff', 'star', 'stay', 'steak', 'still', 'suck', 'super', 'sure', 'sushi', 'sweet', 'tabl', 'taco', 'take', 'talk', 'tast', 'tasteless', 'tasti', 'tell', 'tender', 'terribl', 'thai', 'thi', 'thing', 'think', 'thought', 'time', 'took', 'total', 'town', 'treat', 'tri', 'trip', 'twice', 'two', 'us', 'use', 'vega', 'veri', 'visit', 'wa', 'wait', 'waiter', 'waitress', 'want', 'warm', 'wast', 'watch', 'way', 'well', 'went', 'wine', 'wonder', 'worst', 'worth', 'would', 'wrong', 'year']"
"(1, 1)",5,0.8,mnb,0.7433333333333333,0.752411575562701,106,33,117,44,"['-', '1', '10', '2', '3', '30', '5', 'absolut', 'also', 'alway', 'amaz', 'ambianc', 'ani', 'anoth', 'anytim', 'area', 'around', 'arriv', 'ask', 'atmospher', 'attent', 'authent', 'avoid', 'away', 'awesom', 'back', 'bacon', 'bad', 'bar', 'bare', 'bathroom', 'beauti', 'becaus', 'beef', 'beer', 'befor', 'best', 'better', 'bit', 'bland', 'bread', 'breakfast', 'bring', 'buffet', 'burger', 'busi', 'came', 'check', 'chef', 'chicken', 'chip', 'clean', 'close', 'cold', 'come', 'consid', 'cook', 'could', 'custom', 'day', 'deal', 'decor', 'definit', 'delici', 'delight', 'dessert', 'dine', 'dinner', 'disappoint', 'dish', 'done', 'dri', 'drink', 'drive', 'dure', 'eat', 'eaten', 'egg', 'either', 'enjoy', 'enough', 'even', 'ever', 'everi', 'everyth', 'excel', 'expect', 'experi', 'extrem', 'famili', 'fantast', 'far', 'fast', 'feel', 'felt', 'first', 'fish', 'flavor', 'food', 'found', 'fresh', 'fri', 'friend', 'friendli', 'full', 'get', 'give', 'go', 'good', 'got', 'great', 'ha', 'hand', 'happi', 'hard', 'heart', 'help', 'hi', 'hit', 'home', 'hope', 'horribl', 'hot', 'hour', 'huge', 'ice', 'impress', 'incred', 'insid', 'kept', 'know', 'lack', 'larg', 'last', 'leav', 'left', 'like', 'littl', 'live', 'locat', 'look', 'lot', 'love', 'lunch', 'made', 'make', 'manag', 'mani', 'may', 'meal', 'meat', 'mediocr', 'menu', 'minut', 'money', 'mouth', 'much', 'must', 'need', 'never', 'new', 'next', 'nice', 'night', 'noth', 'old', 'onc', 'one', 'onli', 'order', 'outsid', 'overal', 'overpr', 'owner', 'pay', 'peopl', 'perfect', 'pho', 'pizza', 'place', 'pleas', 'poor', 'portion', 'potato', 'pretti', 'price', 'probabl', 'qualiti', 'quick', 'quit', 'rare', 'real', 'realli', 'reason', 'recommend', 'restaur', 'return', 'review', 'right', 'roll', 'rude', 'said', 'salad', 'sandwich', 'sat', 'sauc', 'say', 'seafood', 'seat', 'see', 'select', 'serious', 'serv', 'server', 'servic', 'set', 'shrimp', 'sick', 'side', 'sinc', 'slow', 'small', 'soon', 'special', 'spici', 'spot', 'staff', 'star', 'stay', 'steak', 'still', 'suck', 'super', 'sure', 'sushi', 'sweet', 'tabl', 'taco', 'take', 'talk', 'tast', 'tasteless', 'tasti', 'tell', 'tender', 'terribl', 'thai', 'thi', 'thing', 'think', 'thought', 'time', 'took', 'total', 'town', 'treat', 'tri', 'trip', 'twice', 'two', 'us', 'use', 'vega', 'veri', 'visit', 'wa', 'wait', 'waiter', 'waitress', 'want', 'warm', 'wast', 'watch', 'way', 'well', 'went', 'wine', 'wonder', 'worst', 'worth', 'would', 'wrong', 'year']"
"(1, 2)",5,0.8,svm,0.7666666666666667,0.761904761904762,118,38,112,32,"['-', '1', '10', '2', '3', '30', '5', 'absolut', 'also', 'alway', 'amaz', 'ambianc', 'ani', 'anoth', 'anytim', 'anytim soon', 'area', 'around', 'arriv', 'ask', 'atmospher', 'attent', 'authent', 'avoid', 'away', 'awesom', 'back', 'bacon', 'bad', 'bar', 'bare', 'bathroom', 'beauti', 'becaus', 'beef', 'beer', 'befor', 'best', 'better', 'bit', 'bland', 'bread', 'breakfast', 'bring', 'buffet', 'burger', 'busi', 'came', 'check', 'chef', 'chicken', 'chip', 'clean', 'close', 'cold', 'come', 'come back', 'consid', 'cook', 'could', 'custom', 'custom servic', 'day', 'deal', 'decor', 'definit', 'delici', 'delight', 'dessert', 'dine', 'dinner', 'disappoint', 'dish', 'done', 'dri', 'drink', 'drive', 'dure', 'eat', 'eaten', 'egg', 'either', 'enjoy', 'enough', 'even', 'ever', 'everi', 'everyth', 'everyth wa', 'excel', 'expect', 'experi', 'extrem', 'famili', 'fantast', 'far', 'fast', 'feel', 'feel like', 'felt', 'first', 'first time', 'fish', 'flavor', 'food', 'food servic', 'food wa', 'found', 'fresh', 'fri', 'friend', 'friendli', 'full', 'get', 'give', 'go', 'go back', 'good', 'good food', 'got', 'great', 'great food', 'great place', 'great servic', 'ha', 'hand', 'happi', 'hard', 'heart', 'help', 'hi', 'hit', 'home', 'hope', 'horribl', 'hot', 'hour', 'huge', 'ice', 'impress', 'incred', 'insid', 'kept', 'know', 'lack', 'larg', 'last', 'leav', 'left', 'like', 'like thi', 'littl', 'live', 'locat', 'look', 'lot', 'love', 'love thi', 'lunch', 'made', 'make', 'manag', 'mani', 'may', 'meal', 'meat', 'mediocr', 'menu', 'minut', 'money', 'mouth', 'much', 'must', 'need', 'never', 'new', 'next', 'nice', 'night', 'noth', 'old', 'onc', 'one', 'onli', 'order', 'outsid', 'overal', 'overpr', 'owner', 'pay', 'peopl', 'perfect', 'pho', 'pizza', 'place', 'pleas', 'poor', 'portion', 'potato', 'pretti', 'price', 'probabl', 'qualiti', 'quick', 'quit', 'rare', 'real', 'realli', 'realli good', 'reason', 'recommend', 'recommend thi', 'restaur', 'return', 'review', 'right', 'roll', 'rude', 'said', 'salad', 'sandwich', 'sat', 'sauc', 'say', 'seafood', 'seat', 'see', 'select', 'serious', 'serv', 'server', 'server wa', 'servic', 'servic wa', 'set', 'shrimp', 'sick', 'side', 'sinc', 'slow', 'small', 'soon', 'special', 'spici', 'spot', 'staff', 'star', 'stay', 'steak', 'still', 'suck', 'super', 'sure', 'sushi', 'sweet', 'tabl', 'taco', 'take', 'talk', 'tast', 'tasteless', 'tasti', 'tell', 'tender', 'terribl', 'thai', 'thi', 'thi one', 'thi place', 'thi wa', 'thing', 'think', 'thought', 'time', 'took', 'total', 'town', 'treat', 'tri', 'trip', 'twice', 'two', 'us', 'use', 'vega', 'veri', 'veri disappoint', 'veri good', 'visit', 'wa', 'wa amaz', 'wa delici', 'wa first', 'wa good', 'wa great', 'wa pretti', 'wa terribl', 'wa veri', 'wait', 'waiter', 'waitress', 'waitress wa', 'want', 'warm', 'wast', 'watch', 'way', 'well', 'went', 'wine', 'wonder', 'worst', 'worth', 'would', 'wrong', 'year']"
"(1, 2)",5,0.8,mnb,0.74,0.7364864864864865,113,41,109,37,"['-', '1', '10', '2', '3', '30', '5', 'absolut', 'also', 'alway', 'amaz', 'ambianc', 'ani', 'anoth', 'anytim', 'anytim soon', 'area', 'around', 'arriv', 'ask', 'atmospher', 'attent', 'authent', 'avoid', 'away', 'awesom', 'back', 'bacon', 'bad', 'bar', 'bare', 'bathroom', 'beauti', 'becaus', 'beef', 'beer', 'befor', 'best', 'better', 'bit', 'bland', 'bread', 'breakfast', 'bring', 'buffet', 'burger', 'busi', 'came', 'check', 'chef', 'chicken', 'chip', 'clean', 'close', 'cold', 'come', 'come back', 'consid', 'cook', 'could', 'custom', 'custom servic', 'day', 'deal', 'decor', 'definit', 'delici', 'delight', 'dessert', 'dine', 'dinner', 'disappoint', 'dish', 'done', 'dri', 'drink', 'drive', 'dure', 'eat', 'eaten', 'egg', 'either', 'enjoy', 'enough', 'even', 'ever', 'everi', 'everyth', 'everyth wa', 'excel', 'expect', 'experi', 'extrem', 'famili', 'fantast', 'far', 'fast', 'feel', 'feel like', 'felt', 'first', 'first time', 'fish', 'flavor', 'food', 'food servic', 'food wa', 'found', 'fresh', 'fri', 'friend', 'friendli', 'full', 'get', 'give', 'go', 'go back', 'good', 'good food', 'got', 'great', 'great food', 'great place', 'great servic', 'ha', 'hand', 'happi', 'hard', 'heart', 'help', 'hi', 'hit', 'home', 'hope', 'horribl', 'hot', 'hour', 'huge', 'ice', 'impress', 'incred', 'insid', 'kept', 'know', 'lack', 'larg', 'last', 'leav', 'left', 'like', 'like thi', 'littl', 'live', 'locat', 'look', 'lot', 'love', 'love thi', 'lunch', 'made', 'make', 'manag', 'mani', 'may', 'meal', 'meat', 'mediocr', 'menu', 'minut', 'money', 'mouth', 'much', 'must', 'need', 'never', 'new', 'next', 'nice', 'night', 'noth', 'old', 'onc', 'one', 'onli', 'order', 'outsid', 'overal', 'overpr', 'owner', 'pay', 'peopl', 'perfect', 'pho', 'pizza', 'place', 'pleas', 'poor', 'portion', 'potato', 'pretti', 'price', 'probabl', 'qualiti', 'quick', 'quit', 'rare', 'real', 'realli', 'realli good', 'reason', 'recommend', 'recommend thi', 'restaur', 'return', 'review', 'right', 'roll', 'rude', 'said', 'salad', 'sandwich', 'sat', 'sauc', 'say', 'seafood', 'seat', 'see', 'select', 'serious', 'serv', 'server', 'server wa', 'servic', 'servic wa', 'set', 'shrimp', 'sick', 'side', 'sinc', 'slow', 'small', 'soon', 'special', 'spici', 'spot', 'staff', 'star', 'stay', 'steak', 'still', 'suck', 'super', 'sure', 'sushi', 'sweet', 'tabl', 'taco', 'take', 'talk', 'tast', 'tasteless', 'tasti', 'tell', 'tender', 'terribl', 'thai', 'thi', 'thi one', 'thi place', 'thi wa', 'thing', 'think', 'thought', 'time', 'took', 'total', 'town', 'treat', 'tri', 'trip', 'twice', 'two', 'us', 'use', 'vega', 'veri', 'veri disappoint', 'veri good', 'visit', 'wa', 'wa amaz', 'wa delici', 'wa first', 'wa good', 'wa great', 'wa pretti', 'wa terribl', 'wa veri', 'wait', 'waiter', 'waitress', 'waitress wa', 'want', 'warm', 'wast', 'watch', 'way', 'well', 'went', 'wine', 'wonder', 'worst', 'worth', 'would', 'wrong', 'year']"
"(1, 3)",5,0.8,svm,0.7666666666666667,0.7482014388489209,126,46,104,24,"['-', '1', '10', '2', '3', '30', '5', 'absolut', 'also', 'alway', 'amaz', 'ambianc', 'ani', 'anoth', 'anytim', 'anytim soon', 'area', 'around', 'arriv', 'ask', 'atmospher', 'attent', 'authent', 'avoid', 'away', 'awesom', 'back', 'bacon', 'bad', 'bar', 'bare', 'bathroom', 'beauti', 'becaus', 'beef', 'beer', 'befor', 'best', 'better', 'bit', 'bland', 'bread', 'breakfast', 'bring', 'buffet', 'burger', 'busi', 'came', 'check', 'chef', 'chicken', 'chip', 'clean', 'close', 'cold', 'come', 'come back', 'consid', 'cook', 'could', 'custom', 'custom servic', 'day', 'deal', 'decor', 'definit', 'delici', 'delight', 'dessert', 'dine', 'dinner', 'disappoint', 'dish', 'done', 'dri', 'drink', 'drive', 'dure', 'eat', 'eaten', 'egg', 'either', 'enjoy', 'enough', 'even', 'ever', 'everi', 'everyth', 'everyth wa', 'excel', 'expect', 'experi', 'extrem', 'famili', 'fantast', 'far', 'fast', 'feel', 'feel like', 'felt', 'first', 'first time', 'fish', 'flavor', 'food', 'food servic', 'food wa', 'found', 'fresh', 'fri', 'friend', 'friendli', 'full', 'get', 'give', 'go', 'go back', 'good', 'good food', 'got', 'great', 'great food', 'great place', 'great servic', 'ha', 'hand', 'happi', 'hard', 'heart', 'help', 'hi', 'hit', 'home', 'hope', 'horribl', 'hot', 'hour', 'huge', 'ice', 'impress', 'incred', 'insid', 'kept', 'know', 'lack', 'larg', 'last', 'leav', 'left', 'like', 'like thi', 'littl', 'live', 'locat', 'look', 'lot', 'love', 'love thi', 'lunch', 'made', 'make', 'manag', 'mani', 'may', 'meal', 'meat', 'mediocr', 'menu', 'minut', 'money', 'mouth', 'much', 'must', 'need', 'never', 'new', 'next', 'nice', 'night', 'noth', 'old', 'onc', 'one', 'onli', 'order', 'outsid', 'overal', 'overpr', 'owner', 'pay', 'peopl', 'perfect', 'pho', 'pizza', 'place', 'pleas', 'poor', 'portion', 'potato', 'pretti', 'price', 'probabl', 'qualiti', 'quick', 'quit', 'rare', 'real', 'realli', 'realli good', 'reason', 'recommend', 'recommend thi', 'recommend thi place', 'restaur', 'return', 'review', 'right', 'roll', 'rude', 'said', 'salad', 'sandwich', 'sat', 'sauc', 'say', 'seafood', 'seat', 'see', 'select', 'serious', 'serv', 'server', 'server wa', 'servic', 'servic wa', 'set', 'shrimp', 'sick', 'side', 'sinc', 'slow', 'small', 'soon', 'special', 'spici', 'spot', 'staff', 'star', 'stay', 'steak', 'still', 'suck', 'super', 'sure', 'sushi', 'sweet', 'tabl', 'taco', 'take', 'talk', 'tast', 'tasteless', 'tasti', 'tell', 'tender', 'terribl', 'thai', 'thi', 'thi one', 'thi place', 'thi wa', 'thing', 'think', 'thought', 'time', 'took', 'total', 'town', 'treat', 'tri', 'trip', 'twice', 'two', 'us', 'use', 'vega', 'veri', 'veri disappoint', 'veri good', 'visit', 'wa', 'wa amaz', 'wa delici', 'wa first', 'wa good', 'wa great', 'wa pretti', 'wa terribl', 'wa veri', 'wait', 'waiter', 'waitress', 'waitress wa', 'want', 'warm', 'wast', 'watch', 'way', 'well', 'went', 'wine', 'wonder', 'worst', 'worth', 'would', 'wrong', 'year']"
"(1, 3)",5,0.8,mnb,0.75,0.7386759581881532,119,44,106,31,"['-', '1', '10', '2', '3', '30', '5', 'absolut', 'also', 'alway', 'amaz', 'ambianc', 'ani', 'anoth', 'anytim', 'anytim soon', 'area', 'around', 'arriv', 'ask', 'atmospher', 'attent', 'authent', 'avoid', 'away', 'awesom', 'back', 'bacon', 'bad', 'bar', 'bare', 'bathroom', 'beauti', 'becaus', 'beef', 'beer', 'befor', 'best', 'better', 'bit', 'bland', 'bread', 'breakfast', 'bring', 'buffet', 'burger', 'busi', 'came', 'check', 'chef', 'chicken', 'chip', 'clean', 'close', 'cold', 'come', 'come back', 'consid', 'cook', 'could', 'custom', 'custom servic', 'day', 'deal', 'decor', 'definit', 'delici', 'delight', 'dessert', 'dine', 'dinner', 'disappoint', 'dish', 'done', 'dri', 'drink', 'drive', 'dure', 'eat', 'eaten', 'egg', 'either', 'enjoy', 'enough', 'even', 'ever', 'everi', 'everyth', 'everyth wa', 'excel', 'expect', 'experi', 'extrem', 'famili', 'fantast', 'far', 'fast', 'feel', 'feel like', 'felt', 'first', 'first time', 'fish', 'flavor', 'food', 'food servic', 'food wa', 'found', 'fresh', 'fri', 'friend', 'friendli', 'full', 'get', 'give', 'go', 'go back', 'good', 'good food', 'got', 'great', 'great food', 'great place', 'great servic', 'ha', 'hand', 'happi', 'hard', 'heart', 'help', 'hi', 'hit', 'home', 'hope', 'horribl', 'hot', 'hour', 'huge', 'ice', 'impress', 'incred', 'insid', 'kept', 'know', 'lack', 'larg', 'last', 'leav', 'left', 'like', 'like thi', 'littl', 'live', 'locat', 'look', 'lot', 'love', 'love thi', 'lunch', 'made', 'make', 'manag', 'mani', 'may', 'meal', 'meat', 'mediocr', 'menu', 'minut', 'money', 'mouth', 'much', 'must', 'need', 'never', 'new', 'next', 'nice', 'night', 'noth', 'old', 'onc', 'one', 'onli', 'order', 'outsid', 'overal', 'overpr', 'owner', 'pay', 'peopl', 'perfect', 'pho', 'pizza', 'place', 'pleas', 'poor', 'portion', 'potato', 'pretti', 'price', 'probabl', 'qualiti', 'quick', 'quit', 'rare', 'real', 'realli', 'realli good', 'reason', 'recommend', 'recommend thi', 'recommend thi place', 'restaur', 'return', 'review', 'right', 'roll', 'rude', 'said', 'salad', 'sandwich', 'sat', 'sauc', 'say', 'seafood', 'seat', 'see', 'select', 'serious', 'serv', 'server', 'server wa', 'servic', 'servic wa', 'set', 'shrimp', 'sick', 'side', 'sinc', 'slow', 'small', 'soon', 'special', 'spici', 'spot', 'staff', 'star', 'stay', 'steak', 'still', 'suck', 'super', 'sure', 'sushi', 'sweet', 'tabl', 'taco', 'take', 'talk', 'tast', 'tasteless', 'tasti', 'tell', 'tender', 'terribl', 'thai', 'thi', 'thi one', 'thi place', 'thi wa', 'thing', 'think', 'thought', 'time', 'took', 'total', 'town', 'treat', 'tri', 'trip', 'twice', 'two', 'us', 'use', 'vega', 'veri', 'veri disappoint', 'veri good', 'visit', 'wa', 'wa amaz', 'wa delici', 'wa first', 'wa good', 'wa great', 'wa pretti', 'wa terribl', 'wa veri', 'wait', 'waiter', 'waitress', 'waitress wa', 'want', 'warm', 'wast', 'watch', 'way', 'well', 'went', 'wine', 'wonder', 'worst', 'worth', 'would', 'wrong', 'year']"
"(1, 1)",5,1.0,svm,0.7133333333333334,0.7152317880794702,106,42,108,44,"['-', '1', '10', '2', '3', '30', '5', 'absolut', 'also', 'alway', 'amaz', 'ambianc', 'ani', 'anoth', 'anytim', 'area', 'around', 'arriv', 'ask', 'atmospher', 'attent', 'authent', 'avoid', 'away', 'awesom', 'back', 'bacon', 'bad', 'bar', 'bare', 'bathroom', 'beauti', 'becaus', 'beef', 'beer', 'befor', 'best', 'better', 'bit', 'bland', 'bread', 'breakfast', 'bring', 'buffet', 'burger', 'busi', 'came', 'check', 'chef', 'chicken', 'chip', 'clean', 'close', 'cold', 'come', 'consid', 'cook', 'could', 'custom', 'day', 'deal', 'decor', 'definit', 'delici', 'delight', 'dessert', 'dine', 'dinner', 'disappoint', 'dish', 'done', 'dri', 'drink', 'drive', 'dure', 'eat', 'eaten', 'egg', 'either', 'enjoy', 'enough', 'even', 'ever', 'everi', 'everyth', 'excel', 'expect', 'experi', 'extrem', 'famili', 'fantast', 'far', 'fast', 'feel', 'felt', 'first', 'fish', 'flavor', 'food', 'found', 'fresh', 'fri', 'friend', 'friendli', 'full', 'get', 'give', 'go', 'good', 'got', 'great', 'ha', 'hand', 'happi', 'hard', 'heart', 'help', 'hi', 'hit', 'home', 'hope', 'horribl', 'hot', 'hour', 'huge', 'ice', 'impress', 'incred', 'insid', 'kept', 'know', 'lack', 'larg', 'last', 'leav', 'left', 'like', 'littl', 'live', 'locat', 'look', 'lot', 'love', 'lunch', 'made', 'make', 'manag', 'mani', 'may', 'meal', 'meat', 'mediocr', 'menu', 'minut', 'money', 'mouth', 'much', 'must', 'need', 'never', 'new', 'next', 'nice', 'night', 'noth', 'old', 'onc', 'one', 'onli', 'order', 'outsid', 'overal', 'overpr', 'owner', 'pay', 'peopl', 'perfect', 'pho', 'pizza', 'place', 'pleas', 'poor', 'portion', 'potato', 'pretti', 'price', 'probabl', 'qualiti', 'quick', 'quit', 'rare', 'real', 'realli', 'reason', 'recommend', 'restaur', 'return', 'review', 'right', 'roll', 'rude', 'said', 'salad', 'sandwich', 'sat', 'sauc', 'say', 'seafood', 'seat', 'see', 'select', 'serious', 'serv', 'server', 'servic', 'set', 'shrimp', 'sick', 'side', 'sinc', 'slow', 'small', 'soon', 'special', 'spici', 'spot', 'staff', 'star', 'stay', 'steak', 'still', 'suck', 'super', 'sure', 'sushi', 'sweet', 'tabl', 'taco', 'take', 'talk', 'tast', 'tasteless', 'tasti', 'tell', 'tender', 'terribl', 'thai', 'thi', 'thing', 'think', 'thought', 'time', 'took', 'total', 'town', 'treat', 'tri', 'trip', 'twice', 'two', 'us', 'use', 'vega', 'veri', 'visit', 'wa', 'wait', 'waiter', 'waitress', 'want', 'warm', 'wast', 'watch', 'way', 'well', 'went', 'wine', 'wonder', 'worst', 'worth', 'would', 'wrong', 'year']"
"(1, 1)",5,1.0,mnb,0.74,0.738255033557047,112,40,110,38,"['-', '1', '10', '2', '3', '30', '5', 'absolut', 'also', 'alway', 'amaz', 'ambianc', 'ani', 'anoth', 'anytim', 'area', 'around', 'arriv', 'ask', 'atmospher', 'attent', 'authent', 'avoid', 'away', 'awesom', 'back', 'bacon', 'bad', 'bar', 'bare', 'bathroom', 'beauti', 'becaus', 'beef', 'beer', 'befor', 'best', 'better', 'bit', 'bland', 'bread', 'breakfast', 'bring', 'buffet', 'burger', 'busi', 'came', 'check', 'chef', 'chicken', 'chip', 'clean', 'close', 'cold', 'come', 'consid', 'cook', 'could', 'custom', 'day', 'deal', 'decor', 'definit', 'delici', 'delight', 'dessert', 'dine', 'dinner', 'disappoint', 'dish', 'done', 'dri', 'drink', 'drive', 'dure', 'eat', 'eaten', 'egg', 'either', 'enjoy', 'enough', 'even', 'ever', 'everi', 'everyth', 'excel', 'expect', 'experi', 'extrem', 'famili', 'fantast', 'far', 'fast', 'feel', 'felt', 'first', 'fish', 'flavor', 'food', 'found', 'fresh', 'fri', 'friend', 'friendli', 'full', 'get', 'give', 'go', 'good', 'got', 'great', 'ha', 'hand', 'happi', 'hard', 'heart', 'help', 'hi', 'hit', 'home', 'hope', 'horribl', 'hot', 'hour', 'huge', 'ice', 'impress', 'incred', 'insid', 'kept', 'know', 'lack', 'larg', 'last', 'leav', 'left', 'like', 'littl', 'live', 'locat', 'look', 'lot', 'love', 'lunch', 'made', 'make', 'manag', 'mani', 'may', 'meal', 'meat', 'mediocr', 'menu', 'minut', 'money', 'mouth', 'much', 'must', 'need', 'never', 'new', 'next', 'nice', 'night', 'noth', 'old', 'onc', 'one', 'onli', 'order', 'outsid', 'overal', 'overpr', 'owner', 'pay', 'peopl', 'perfect', 'pho', 'pizza', 'place', 'pleas', 'poor', 'portion', 'potato', 'pretti', 'price', 'probabl', 'qualiti', 'quick', 'quit', 'rare', 'real', 'realli', 'reason', 'recommend', 'restaur', 'return', 'review', 'right', 'roll', 'rude', 'said', 'salad', 'sandwich', 'sat', 'sauc', 'say', 'seafood', 'seat', 'see', 'select', 'serious', 'serv', 'server', 'servic', 'set', 'shrimp', 'sick', 'side', 'sinc', 'slow', 'small', 'soon', 'special', 'spici', 'spot', 'staff', 'star', 'stay', 'steak', 'still', 'suck', 'super', 'sure', 'sushi', 'sweet', 'tabl', 'taco', 'take', 'talk', 'tast', 'tasteless', 'tasti', 'tell', 'tender', 'terribl', 'thai', 'thi', 'thing', 'think', 'thought', 'time', 'took', 'total', 'town', 'treat', 'tri', 'trip', 'twice', 'two', 'us', 'use', 'vega', 'veri', 'visit', 'wa', 'wait', 'waiter', 'waitress', 'want', 'warm', 'wast', 'watch', 'way', 'well', 'went', 'wine', 'wonder', 'worst', 'worth', 'would', 'wrong', 'year']"
"(1, 2)",5,1.0,svm,0.7733333333333333,0.767123287671233,120,38,112,30,"['-', '1', '10', '2', '3', '30', '5', 'absolut', 'also', 'alway', 'amaz', 'ambianc', 'ani', 'anoth', 'anytim', 'anytim soon', 'area', 'around', 'arriv', 'ask', 'atmospher', 'attent', 'authent', 'avoid', 'away', 'awesom', 'back', 'bacon', 'bad', 'bar', 'bare', 'bathroom', 'beauti', 'becaus', 'beef', 'beer', 'befor', 'best', 'better', 'bit', 'bland', 'bread', 'breakfast', 'bring', 'buffet', 'burger', 'busi', 'came', 'check', 'chef', 'chicken', 'chip', 'clean', 'close', 'cold', 'come', 'come back', 'consid', 'cook', 'could', 'custom', 'custom servic', 'day', 'deal', 'decor', 'definit', 'delici', 'delight', 'dessert', 'dine', 'dinner', 'disappoint', 'dish', 'done', 'dri', 'drink', 'drive', 'dure', 'eat', 'eaten', 'egg', 'either', 'enjoy', 'enough', 'even', 'ever', 'everi', 'everyth', 'everyth wa', 'excel', 'expect', 'experi', 'extrem', 'famili', 'fantast', 'far', 'fast', 'feel', 'feel like', 'felt', 'first', 'first time', 'fish', 'flavor', 'food', 'food servic', 'food wa', 'found', 'fresh', 'fri', 'friend', 'friendli', 'full', 'get', 'give', 'go', 'go back', 'good', 'good food', 'got', 'great', 'great food', 'great place', 'great servic', 'ha', 'hand', 'happi', 'hard', 'heart', 'help', 'hi', 'hit', 'home', 'hope', 'horribl', 'hot', 'hour', 'huge', 'ice', 'impress', 'incred', 'insid', 'kept', 'know', 'lack', 'larg', 'last', 'leav', 'left', 'like', 'like thi', 'littl', 'live', 'locat', 'look', 'lot', 'love', 'love thi', 'lunch', 'made', 'make', 'manag', 'mani', 'may', 'meal', 'meat', 'mediocr', 'menu', 'minut', 'money', 'mouth', 'much', 'must', 'need', 'never', 'new', 'next', 'nice', 'night', 'noth', 'old', 'onc', 'one', 'onli', 'order', 'outsid', 'overal', 'overpr', 'owner', 'pay', 'peopl', 'perfect', 'pho', 'pizza', 'place', 'pleas', 'poor', 'portion', 'potato', 'pretti', 'price', 'probabl', 'qualiti', 'quick', 'quit', 'rare', 'real', 'realli', 'realli good', 'reason', 'recommend', 'recommend thi', 'restaur', 'return', 'review', 'right', 'roll', 'rude', 'said', 'salad', 'sandwich', 'sat', 'sauc', 'say', 'seafood', 'seat', 'see', 'select', 'serious', 'serv', 'server', 'server wa', 'servic', 'servic wa', 'set', 'shrimp', 'sick', 'side', 'sinc', 'slow', 'small', 'soon', 'special', 'spici', 'spot', 'staff', 'star', 'stay', 'steak', 'still', 'suck', 'super', 'sure', 'sushi', 'sweet', 'tabl', 'taco', 'take', 'talk', 'tast', 'tasteless', 'tasti', 'tell', 'tender', 'terribl', 'thai', 'thi', 'thi one', 'thi place', 'thi wa', 'thing', 'think', 'thought', 'time', 'took', 'total', 'town', 'treat', 'tri', 'trip', 'twice', 'two', 'us', 'use', 'vega', 'veri', 'veri disappoint', 'veri good', 'visit', 'wa', 'wa amaz', 'wa delici', 'wa first', 'wa good', 'wa great', 'wa pretti', 'wa terribl', 'wa veri', 'wait', 'waiter', 'waitress', 'waitress wa', 'want', 'warm', 'wast', 'watch', 'way', 'well', 'went', 'wine', 'wonder', 'worst', 'worth', 'would', 'wrong', 'year']"
"(1, 2)",5,1.0,mnb,0.7433333333333333,0.7555555555555554,104,31,119,46,"['-', '1', '10', '2', '3', '30', '5', 'absolut', 'also', 'alway', 'amaz', 'ambianc', 'ani', 'anoth', 'anytim', 'anytim soon', 'area', 'around', 'arriv', 'ask', 'atmospher', 'attent', 'authent', 'avoid', 'away', 'awesom', 'back', 'bacon', 'bad', 'bar', 'bare', 'bathroom', 'beauti', 'becaus', 'beef', 'beer', 'befor', 'best', 'better', 'bit', 'bland', 'bread', 'breakfast', 'bring', 'buffet', 'burger', 'busi', 'came', 'check', 'chef', 'chicken', 'chip', 'clean', 'close', 'cold', 'come', 'come back', 'consid', 'cook', 'could', 'custom', 'custom servic', 'day', 'deal', 'decor', 'definit', 'delici', 'delight', 'dessert', 'dine', 'dinner', 'disappoint', 'dish', 'done', 'dri', 'drink', 'drive', 'dure', 'eat', 'eaten', 'egg', 'either', 'enjoy', 'enough', 'even', 'ever', 'everi', 'everyth', 'everyth wa', 'excel', 'expect', 'experi', 'extrem', 'famili', 'fantast', 'far', 'fast', 'feel', 'feel like', 'felt', 'first', 'first time', 'fish', 'flavor', 'food', 'food servic', 'food wa', 'found', 'fresh', 'fri', 'friend', 'friendli', 'full', 'get', 'give', 'go', 'go back', 'good', 'good food', 'got', 'great', 'great food', 'great place', 'great servic', 'ha', 'hand', 'happi', 'hard', 'heart', 'help', 'hi', 'hit', 'home', 'hope', 'horribl', 'hot', 'hour', 'huge', 'ice', 'impress', 'incred', 'insid', 'kept', 'know', 'lack', 'larg', 'last', 'leav', 'left', 'like', 'like thi', 'littl', 'live', 'locat', 'look', 'lot', 'love', 'love thi', 'lunch', 'made', 'make', 'manag', 'mani', 'may', 'meal', 'meat', 'mediocr', 'menu', 'minut', 'money', 'mouth', 'much', 'must', 'need', 'never', 'new', 'next', 'nice', 'night', 'noth', 'old', 'onc', 'one', 'onli', 'order', 'outsid', 'overal', 'overpr', 'owner', 'pay', 'peopl', 'perfect', 'pho', 'pizza', 'place', 'pleas', 'poor', 'portion', 'potato', 'pretti', 'price', 'probabl', 'qualiti', 'quick', 'quit', 'rare', 'real', 'realli', 'realli good', 'reason', 'recommend', 'recommend thi', 'restaur', 'return', 'review', 'right', 'roll', 'rude', 'said', 'salad', 'sandwich', 'sat', 'sauc', 'say', 'seafood', 'seat', 'see', 'select', 'serious', 'serv', 'server', 'server wa', 'servic', 'servic wa', 'set', 'shrimp', 'sick', 'side', 'sinc', 'slow', 'small', 'soon', 'special', 'spici', 'spot', 'staff', 'star', 'stay', 'steak', 'still', 'suck', 'super', 'sure', 'sushi', 'sweet', 'tabl', 'taco', 'take', 'talk', 'tast', 'tasteless', 'tasti', 'tell', 'tender', 'terribl', 'thai', 'thi', 'thi one', 'thi place', 'thi wa', 'thing', 'think', 'thought', 'time', 'took', 'total', 'town', 'treat', 'tri', 'trip', 'twice', 'two', 'us', 'use', 'vega', 'veri', 'veri disappoint', 'veri good', 'visit', 'wa', 'wa amaz', 'wa delici', 'wa first', 'wa good', 'wa great', 'wa pretti', 'wa terribl', 'wa veri', 'wait', 'waiter', 'waitress', 'waitress wa', 'want', 'warm', 'wast', 'watch', 'way', 'well', 'went', 'wine', 'wonder', 'worst', 'worth', 'would', 'wrong', 'year']"
"(1, 3)",5,1.0,svm,0.7633333333333333,0.750877192982456,122,43,107,28,"['-', '1', '10', '2', '3', '30', '5', 'absolut', 'also', 'alway', 'amaz', 'ambianc', 'ani', 'anoth', 'anytim', 'anytim soon', 'area', 'around', 'arriv', 'ask', 'atmospher', 'attent', 'authent', 'avoid', 'away', 'awesom', 'back', 'bacon', 'bad', 'bar', 'bare', 'bathroom', 'beauti', 'becaus', 'beef', 'beer', 'befor', 'best', 'better', 'bit', 'bland', 'bread', 'breakfast', 'bring', 'buffet', 'burger', 'busi', 'came', 'check', 'chef', 'chicken', 'chip', 'clean', 'close', 'cold', 'come', 'come back', 'consid', 'cook', 'could', 'custom', 'custom servic', 'day', 'deal', 'decor', 'definit', 'delici', 'delight', 'dessert', 'dine', 'dinner', 'disappoint', 'dish', 'done', 'dri', 'drink', 'drive', 'dure', 'eat', 'eaten', 'egg', 'either', 'enjoy', 'enough', 'even', 'ever', 'everi', 'everyth', 'everyth wa', 'excel', 'expect', 'experi', 'extrem', 'famili', 'fantast', 'far', 'fast', 'feel', 'feel like', 'felt', 'first', 'first time', 'fish', 'flavor', 'food', 'food servic', 'food wa', 'found', 'fresh', 'fri', 'friend', 'friendli', 'full', 'get', 'give', 'go', 'go back', 'good', 'good food', 'got', 'great', 'great food', 'great place', 'great servic', 'ha', 'hand', 'happi', 'hard', 'heart', 'help', 'hi', 'hit', 'home', 'hope', 'horribl', 'hot', 'hour', 'huge', 'ice', 'impress', 'incred', 'insid', 'kept', 'know', 'lack', 'larg', 'last', 'leav', 'left', 'like', 'like thi', 'littl', 'live', 'locat', 'look', 'lot', 'love', 'love thi', 'lunch', 'made', 'make', 'manag', 'mani', 'may', 'meal', 'meat', 'mediocr', 'menu', 'minut', 'money', 'mouth', 'much', 'must', 'need', 'never', 'new', 'next', 'nice', 'night', 'noth', 'old', 'onc', 'one', 'onli', 'order', 'outsid', 'overal', 'overpr', 'owner', 'pay', 'peopl', 'perfect', 'pho', 'pizza', 'place', 'pleas', 'poor', 'portion', 'potato', 'pretti', 'price', 'probabl', 'qualiti', 'quick', 'quit', 'rare', 'real', 'realli', 'realli good', 'reason', 'recommend', 'recommend thi', 'recommend thi place', 'restaur', 'return', 'review', 'right', 'roll', 'rude', 'said', 'salad', 'sandwich', 'sat', 'sauc', 'say', 'seafood', 'seat', 'see', 'select', 'serious', 'serv', 'server', 'server wa', 'servic', 'servic wa', 'set', 'shrimp', 'sick', 'side', 'sinc', 'slow', 'small', 'soon', 'special', 'spici', 'spot', 'staff', 'star', 'stay', 'steak', 'still', 'suck', 'super', 'sure', 'sushi', 'sweet', 'tabl', 'taco', 'take', 'talk', 'tast', 'tasteless', 'tasti', 'tell', 'tender', 'terribl', 'thai', 'thi', 'thi one', 'thi place', 'thi wa', 'thing', 'think', 'thought', 'time', 'took', 'total', 'town', 'treat', 'tri', 'trip', 'twice', 'two', 'us', 'use', 'vega', 'veri', 'veri disappoint', 'veri good', 'visit', 'wa', 'wa amaz', 'wa delici', 'wa first', 'wa good', 'wa great', 'wa pretti', 'wa terribl', 'wa veri', 'wait', 'waiter', 'waitress', 'waitress wa', 'want', 'warm', 'wast', 'watch', 'way', 'well', 'went', 'wine', 'wonder', 'worst', 'worth', 'would', 'wrong', 'year']"
"(1, 3)",5,1.0,mnb,0.7733333333333333,0.7792207792207794,112,30,120,38,"['-', '1', '10', '2', '3', '30', '5', 'absolut', 'also', 'alway', 'amaz', 'ambianc', 'ani', 'anoth', 'anytim', 'anytim soon', 'area', 'around', 'arriv', 'ask', 'atmospher', 'attent', 'authent', 'avoid', 'away', 'awesom', 'back', 'bacon', 'bad', 'bar', 'bare', 'bathroom', 'beauti', 'becaus', 'beef', 'beer', 'befor', 'best', 'better', 'bit', 'bland', 'bread', 'breakfast', 'bring', 'buffet', 'burger', 'busi', 'came', 'check', 'chef', 'chicken', 'chip', 'clean', 'close', 'cold', 'come', 'come back', 'consid', 'cook', 'could', 'custom', 'custom servic', 'day', 'deal', 'decor', 'definit', 'delici', 'delight', 'dessert', 'dine', 'dinner', 'disappoint', 'dish', 'done', 'dri', 'drink', 'drive', 'dure', 'eat', 'eaten', 'egg', 'either', 'enjoy', 'enough', 'even', 'ever', 'everi', 'everyth', 'everyth wa', 'excel', 'expect', 'experi', 'extrem', 'famili', 'fantast', 'far', 'fast', 'feel', 'feel like', 'felt', 'first', 'first time', 'fish', 'flavor', 'food', 'food servic', 'food wa', 'found', 'fresh', 'fri', 'friend', 'friendli', 'full', 'get', 'give', 'go', 'go back', 'good', 'good food', 'got', 'great', 'great food', 'great place', 'great servic', 'ha', 'hand', 'happi', 'hard', 'heart', 'help', 'hi', 'hit', 'home', 'hope', 'horribl', 'hot', 'hour', 'huge', 'ice', 'impress', 'incred', 'insid', 'kept', 'know', 'lack', 'larg', 'last', 'leav', 'left', 'like', 'like thi', 'littl', 'live', 'locat', 'look', 'lot', 'love', 'love thi', 'lunch', 'made', 'make', 'manag', 'mani', 'may', 'meal', 'meat', 'mediocr', 'menu', 'minut', 'money', 'mouth', 'much', 'must', 'need', 'never', 'new', 'next', 'nice', 'night', 'noth', 'old', 'onc', 'one', 'onli', 'order', 'outsid', 'overal', 'overpr', 'owner', 'pay', 'peopl', 'perfect', 'pho', 'pizza', 'place', 'pleas', 'poor', 'portion', 'potato', 'pretti', 'price', 'probabl', 'qualiti', 'quick', 'quit', 'rare', 'real', 'realli', 'realli good', 'reason', 'recommend', 'recommend thi', 'recommend thi place', 'restaur', 'return', 'review', 'right', 'roll', 'rude', 'said', 'salad', 'sandwich', 'sat', 'sauc', 'say', 'seafood', 'seat', 'see', 'select', 'serious', 'serv', 'server', 'server wa', 'servic', 'servic wa', 'set', 'shrimp', 'sick', 'side', 'sinc', 'slow', 'small', 'soon', 'special', 'spici', 'spot', 'staff', 'star', 'stay', 'steak', 'still', 'suck', 'super', 'sure', 'sushi', 'sweet', 'tabl', 'taco', 'take', 'talk', 'tast', 'tasteless', 'tasti', 'tell', 'tender', 'terribl', 'thai', 'thi', 'thi one', 'thi place', 'thi wa', 'thing', 'think', 'thought', 'time', 'took', 'total', 'town', 'treat', 'tri', 'trip', 'twice', 'two', 'us', 'use', 'vega', 'veri', 'veri disappoint', 'veri good', 'visit', 'wa', 'wa amaz', 'wa delici', 'wa first', 'wa good', 'wa great', 'wa pretti', 'wa terribl', 'wa veri', 'wait', 'waiter', 'waitress', 'waitress wa', 'want', 'warm', 'wast', 'watch', 'way', 'well', 'went', 'wine', 'wonder', 'worst', 'worth', 'would', 'wrong', 'year']"
"(1, 1)",10,0.6,svm,0.7133333333333334,0.6861313868613139,120,56,94,30,"['-', 'also', 'alway', 'amaz', 'ani', 'ask', 'atmospher', 'awesom', 'back', 'bad', 'becaus', 'best', 'better', 'bland', 'breakfast', 'buffet', 'burger', 'came', 'chicken', 'come', 'cook', 'could', 'definit', 'delici', 'disappoint', 'dish', 'eat', 'enjoy', 'enough', 'even', 'ever', 'everyth', 'excel', 'experi', 'fantast', 'feel', 'first', 'flavor', 'food', 'fresh', 'fri', 'friendli', 'get', 'give', 'go', 'good', 'got', 'great', 'ha', 'know', 'like', 'littl', 'love', 'lunch', 'made', 'manag', 'meal', 'meat', 'menu', 'minut', 'much', 'never', 'next', 'nice', 'night', 'one', 'onli', 'order', 'perfect', 'pizza', 'place', 'pretti', 'price', 'qualiti', 'realli', 'recommend', 'restaur', 'salad', 'say', 'select', 'serv', 'server', 'servic', 'side', 'slow', 'staff', 'star', 'steak', 'still', 'sushi', 'tabl', 'tast', 'tasti', 'terribl', 'thi', 'thing', 'think', 'time', 'tri', 'us', 'vega', 'veri', 'wa', 'wait', 'want', 'way', 'well', 'went', 'worst', 'worth', 'would']"
"(1, 1)",10,0.6,mnb,0.7066666666666667,0.6901408450704225,114,52,98,36,"['-', 'also', 'alway', 'amaz', 'ani', 'ask', 'atmospher', 'awesom', 'back', 'bad', 'becaus', 'best', 'better', 'bland', 'breakfast', 'buffet', 'burger', 'came', 'chicken', 'come', 'cook', 'could', 'definit', 'delici', 'disappoint', 'dish', 'eat', 'enjoy', 'enough', 'even', 'ever', 'everyth', 'excel', 'experi', 'fantast', 'feel', 'first', 'flavor', 'food', 'fresh', 'fri', 'friendli', 'get', 'give', 'go', 'good', 'got', 'great', 'ha', 'know', 'like', 'littl', 'love', 'lunch', 'made', 'manag', 'meal', 'meat', 'menu', 'minut', 'much', 'never', 'next', 'nice', 'night', 'one', 'onli', 'order', 'perfect', 'pizza', 'place', 'pretti', 'price', 'qualiti', 'realli', 'recommend', 'restaur', 'salad', 'say', 'select', 'serv', 'server', 'servic', 'side', 'slow', 'staff', 'star', 'steak', 'still', 'sushi', 'tabl', 'tast', 'tasti', 'terribl', 'thi', 'thing', 'think', 'time', 'tri', 'us', 'vega', 'veri', 'wa', 'wait', 'want', 'way', 'well', 'went', 'worst', 'worth', 'would']"
"(1, 2)",10,0.6,svm,0.7566666666666667,0.7245283018867924,131,54,96,19,"['-', 'also', 'alway', 'amaz', 'ani', 'ask', 'atmospher', 'awesom', 'back', 'bad', 'becaus', 'best', 'better', 'bland', 'breakfast', 'buffet', 'burger', 'came', 'chicken', 'come', 'cook', 'could', 'definit', 'delici', 'disappoint', 'dish', 'eat', 'enjoy', 'enough', 'even', 'ever', 'everyth', 'excel', 'experi', 'fantast', 'feel', 'first', 'flavor', 'food', 'food wa', 'fresh', 'fri', 'friendli', 'get', 'give', 'go', 'go back', 'good', 'got', 'great', 'ha', 'know', 'like', 'littl', 'love', 'lunch', 'made', 'manag', 'meal', 'meat', 'menu', 'minut', 'much', 'never', 'next', 'nice', 'night', 'one', 'onli', 'order', 'perfect', 'pizza', 'place', 'pretti', 'price', 'qualiti', 'realli', 'recommend', 'restaur', 'salad', 'say', 'select', 'serv', 'server', 'servic', 'servic wa', 'side', 'slow', 'staff', 'star', 'steak', 'still', 'sushi', 'tabl', 'tast', 'tasti', 'terribl', 'thi', 'thi place', 'thi wa', 'thing', 'think', 'time', 'tri', 'us', 'vega', 'veri', 'veri good', 'wa', 'wa good', 'wa veri', 'wait', 'want', 'way', 'well', 'went', 'worst', 'worth', 'would']"
"(1, 2)",10,0.6,mnb,0.7066666666666667,0.6923076923076923,113,51,99,37,"['-', 'also', 'alway', 'amaz', 'ani', 'ask', 'atmospher', 'awesom', 'back', 'bad', 'becaus', 'best', 'better', 'bland', 'breakfast', 'buffet', 'burger', 'came', 'chicken', 'come', 'cook', 'could', 'definit', 'delici', 'disappoint', 'dish', 'eat', 'enjoy', 'enough', 'even', 'ever', 'everyth', 'excel', 'experi', 'fantast', 'feel', 'first', 'flavor', 'food', 'food wa', 'fresh', 'fri', 'friendli', 'get', 'give', 'go', 'go back', 'good', 'got', 'great', 'ha', 'know', 'like', 'littl', 'love', 'lunch', 'made', 'manag', 'meal', 'meat', 'menu', 'minut', 'much', 'never', 'next', 'nice', 'night', 'one', 'onli', 'order', 'perfect', 'pizza', 'place', 'pretti', 'price', 'qualiti', 'realli', 'recommend', 'restaur', 'salad', 'say', 'select', 'serv', 'server', 'servic', 'servic wa', 'side', 'slow', 'staff', 'star', 'steak', 'still', 'sushi', 'tabl', 'tast', 'tasti', 'terribl', 'thi', 'thi place', 'thi wa', 'thing', 'think', 'time', 'tri', 'us', 'vega', 'veri', 'veri good', 'wa', 'wa good', 'wa veri', 'wait', 'want', 'way', 'well', 'went', 'worst', 'worth', 'would']"
"(1, 3)",10,0.6,svm,0.71,0.6692015209125475,125,62,88,25,"['-', 'also', 'alway', 'amaz', 'ani', 'ask', 'atmospher', 'awesom', 'back', 'bad', 'becaus', 'best', 'better', 'bland', 'breakfast', 'buffet', 'burger', 'came', 'chicken', 'come', 'cook', 'could', 'definit', 'delici', 'disappoint', 'dish', 'eat', 'enjoy', 'enough', 'even', 'ever', 'everyth', 'excel', 'experi', 'fantast', 'feel', 'first', 'flavor', 'food', 'food wa', 'fresh', 'fri', 'friendli', 'get', 'give', 'go', 'go back', 'good', 'got', 'great', 'ha', 'know', 'like', 'littl', 'love', 'lunch', 'made', 'manag', 'meal', 'meat', 'menu', 'minut', 'much', 'never', 'next', 'nice', 'night', 'one', 'onli', 'order', 'perfect', 'pizza', 'place', 'pretti', 'price', 'qualiti', 'realli', 'recommend', 'restaur', 'salad', 'say', 'select', 'serv', 'server', 'servic', 'servic wa', 'side', 'slow', 'staff', 'star', 'steak', 'still', 'sushi', 'tabl', 'tast', 'tasti', 'terribl', 'thi', 'thi place', 'thi wa', 'thing', 'think', 'time', 'tri', 'us', 'vega', 'veri', 'veri good', 'wa', 'wa good', 'wa veri', 'wait', 'want', 'way', 'well', 'went', 'worst', 'worth', 'would']"
"(1, 3)",10,0.6,mnb,0.7333333333333333,0.7122302158273381,121,51,99,29,"['-', 'also', 'alway', 'amaz', 'ani', 'ask', 'atmospher', 'awesom', 'back', 'bad', 'becaus', 'best', 'better', 'bland', 'breakfast', 'buffet', 'burger', 'came', 'chicken', 'come', 'cook', 'could', 'definit', 'delici', 'disappoint', 'dish', 'eat', 'enjoy', 'enough', 'even', 'ever', 'everyth', 'excel', 'experi', 'fantast', 'feel', 'first', 'flavor', 'food', 'food wa', 'fresh', 'fri', 'friendli', 'get', 'give', 'go', 'go back', 'good', 'got', 'great', 'ha', 'know', 'like', 'littl', 'love', 'lunch', 'made', 'manag', 'meal', 'meat', 'menu', 'minut', 'much', 'never', 'next', 'nice', 'night', 'one', 'onli', 'order', 'perfect', 'pizza', 'place', 'pretti', 'price', 'qualiti', 'realli', 'recommend', 'restaur', 'salad', 'say', 'select', 'serv', 'server', 'servic', 'servic wa', 'side', 'slow', 'staff', 'star', 'steak', 'still', 'sushi', 'tabl', 'tast', 'tasti', 'terribl', 'thi', 'thi place', 'thi wa', 'thing', 'think', 'time', 'tri', 'us', 'vega', 'veri', 'veri good', 'wa', 'wa good', 'wa veri', 'wait', 'want', 'way', 'well', 'went', 'worst', 'worth', 'would']"
"(1, 1)",10,0.8,svm,0.74,0.706766917293233,128,56,94,22,"['-', 'also', 'alway', 'amaz', 'ani', 'ask', 'atmospher', 'awesom', 'back', 'bad', 'becaus', 'best', 'better', 'bland', 'breakfast', 'buffet', 'burger', 'came', 'chicken', 'come', 'cook', 'could', 'definit', 'delici', 'disappoint', 'dish', 'eat', 'enjoy', 'enough', 'even', 'ever', 'everyth', 'excel', 'experi', 'fantast', 'feel', 'first', 'flavor', 'food', 'fresh', 'fri', 'friendli', 'get', 'give', 'go', 'good', 'got', 'great', 'ha', 'know', 'like', 'littl', 'love', 'lunch', 'made', 'manag', 'meal', 'meat', 'menu', 'minut', 'much', 'never', 'next', 'nice', 'night', 'one', 'onli', 'order', 'perfect', 'pizza', 'place', 'pretti', 'price', 'qualiti', 'realli', 'recommend', 'restaur', 'salad', 'say', 'select', 'serv', 'server', 'servic', 'side', 'slow', 'staff', 'star', 'steak', 'still', 'sushi', 'tabl', 'tast', 'tasti', 'terribl', 'thi', 'thing', 'think', 'time', 'tri', 'us', 'vega', 'veri', 'wa', 'wait', 'want', 'way', 'well', 'went', 'worst', 'worth', 'would']"
"(1, 1)",10,0.8,mnb,0.6766666666666666,0.6254826254826255,122,69,81,28,"['-', 'also', 'alway', 'amaz', 'ani', 'ask', 'atmospher', 'awesom', 'back', 'bad', 'becaus', 'best', 'better', 'bland', 'breakfast', 'buffet', 'burger', 'came', 'chicken', 'come', 'cook', 'could', 'definit', 'delici', 'disappoint', 'dish', 'eat', 'enjoy', 'enough', 'even', 'ever', 'everyth', 'excel', 'experi', 'fantast', 'feel', 'first', 'flavor', 'food', 'fresh', 'fri', 'friendli', 'get', 'give', 'go', 'good', 'got', 'great', 'ha', 'know', 'like', 'littl', 'love', 'lunch', 'made', 'manag', 'meal', 'meat', 'menu', 'minut', 'much', 'never', 'next', 'nice', 'night', 'one', 'onli', 'order', 'perfect', 'pizza', 'place', 'pretti', 'price', 'qualiti', 'realli', 'recommend', 'restaur', 'salad', 'say', 'select', 'serv', 'server', 'servic', 'side', 'slow', 'staff', 'star', 'steak', 'still', 'sushi', 'tabl', 'tast', 'tasti', 'terribl', 'thi', 'thing', 'think', 'time', 'tri', 'us', 'vega', 'veri', 'wa', 'wait', 'want', 'way', 'well', 'went', 'worst', 'worth', 'would']"
"(1, 2)",10,0.8,svm,0.7233333333333334,0.7067137809187278,117,50,100,33,"['-', 'also', 'alway', 'amaz', 'ani', 'ask', 'atmospher', 'awesom', 'back', 'bad', 'becaus', 'best', 'better', 'bland', 'breakfast', 'buffet', 'burger', 'came', 'chicken', 'come', 'cook', 'could', 'definit', 'delici', 'disappoint', 'dish', 'eat', 'enjoy', 'enough', 'even', 'ever', 'everyth', 'excel', 'experi', 'fantast', 'feel', 'first', 'flavor', 'food', 'food wa', 'fresh', 'fri', 'friendli', 'get', 'give', 'go', 'go back', 'good', 'got', 'great', 'ha', 'know', 'like', 'littl', 'love', 'lunch', 'made', 'manag', 'meal', 'meat', 'menu', 'minut', 'much', 'never', 'next', 'nice', 'night', 'one', 'onli', 'order', 'perfect', 'pizza', 'place', 'pretti', 'price', 'qualiti', 'realli', 'recommend', 'restaur', 'salad', 'say', 'select', 'serv', 'server', 'servic', 'servic wa', 'side', 'slow', 'staff', 'star', 'steak', 'still', 'sushi', 'tabl', 'tast', 'tasti', 'terribl', 'thi', 'thi place', 'thi wa', 'thing', 'think', 'time', 'tri', 'us', 'vega', 'veri', 'veri good', 'wa', 'wa good', 'wa veri', 'wait', 'want', 'way', 'well', 'went', 'worst', 'worth', 'would']"
"(1, 2)",10,0.8,mnb,0.7066666666666667,0.6879432624113475,115,53,97,35,"['-', 'also', 'alway', 'amaz', 'ani', 'ask', 'atmospher', 'awesom', 'back', 'bad', 'becaus', 'best', 'better', 'bland', 'breakfast', 'buffet', 'burger', 'came', 'chicken', 'come', 'cook', 'could', 'definit', 'delici', 'disappoint', 'dish', 'eat', 'enjoy', 'enough', 'even', 'ever', 'everyth', 'excel', 'experi', 'fantast', 'feel', 'first', 'flavor', 'food', 'food wa', 'fresh', 'fri', 'friendli', 'get', 'give', 'go', 'go back', 'good', 'got', 'great', 'ha', 'know', 'like', 'littl', 'love', 'lunch', 'made', 'manag', 'meal', 'meat', 'menu', 'minut', 'much', 'never', 'next', 'nice', 'night', 'one', 'onli', 'order', 'perfect', 'pizza', 'place', 'pretti', 'price', 'qualiti', 'realli', 'recommend', 'restaur', 'salad', 'say', 'select', 'serv', 'server', 'servic', 'servic wa', 'side', 'slow', 'staff', 'star', 'steak', 'still', 'sushi', 'tabl', 'tast', 'tasti', 'terribl', 'thi', 'thi place', 'thi wa', 'thing', 'think', 'time', 'tri', 'us', 'vega', 'veri', 'veri good', 'wa', 'wa good', 'wa veri', 'wait', 'want', 'way', 'well', 'went', 'worst', 'worth', 'would']"
"(1, 3)",10,0.8,svm,0.7433333333333333,0.7137546468401487,127,54,96,23,"['-', 'also', 'alway', 'amaz', 'ani', 'ask', 'atmospher', 'awesom', 'back', 'bad', 'becaus', 'best', 'better', 'bland', 'breakfast', 'buffet', 'burger', 'came', 'chicken', 'come', 'cook', 'could', 'definit', 'delici', 'disappoint', 'dish', 'eat', 'enjoy', 'enough', 'even', 'ever', 'everyth', 'excel', 'experi', 'fantast', 'feel', 'first', 'flavor', 'food', 'food wa', 'fresh', 'fri', 'friendli', 'get', 'give', 'go', 'go back', 'good', 'got', 'great', 'ha', 'know', 'like', 'littl', 'love', 'lunch', 'made', 'manag', 'meal', 'meat', 'menu', 'minut', 'much', 'never', 'next', 'nice', 'night', 'one', 'onli', 'order', 'perfect', 'pizza', 'place', 'pretti', 'price', 'qualiti', 'realli', 'recommend', 'restaur', 'salad', 'say', 'select', 'serv', 'server', 'servic', 'servic wa', 'side', 'slow', 'staff', 'star', 'steak', 'still', 'sushi', 'tabl', 'tast', 'tasti', 'terribl', 'thi', 'thi place', 'thi wa', 'thing', 'think', 'time', 'tri', 'us', 'vega', 'veri', 'veri good', 'wa', 'wa good', 'wa veri', 'wait', 'want', 'way', 'well', 'went', 'worst', 'worth', 'would']"
"(1, 3)",10,0.8,mnb,0.7066666666666667,0.6944444444444444,112,50,100,38,"['-', 'also', 'alway', 'amaz', 'ani', 'ask', 'atmospher', 'awesom', 'back', 'bad', 'becaus', 'best', 'better', 'bland', 'breakfast', 'buffet', 'burger', 'came', 'chicken', 'come', 'cook', 'could', 'definit', 'delici', 'disappoint', 'dish', 'eat', 'enjoy', 'enough', 'even', 'ever', 'everyth', 'excel', 'experi', 'fantast', 'feel', 'first', 'flavor', 'food', 'food wa', 'fresh', 'fri', 'friendli', 'get', 'give', 'go', 'go back', 'good', 'got', 'great', 'ha', 'know', 'like', 'littl', 'love', 'lunch', 'made', 'manag', 'meal', 'meat', 'menu', 'minut', 'much', 'never', 'next', 'nice', 'night', 'one', 'onli', 'order', 'perfect', 'pizza', 'place', 'pretti', 'price', 'qualiti', 'realli', 'recommend', 'restaur', 'salad', 'say', 'select', 'serv', 'server', 'servic', 'servic wa', 'side', 'slow', 'staff', 'star', 'steak', 'still', 'sushi', 'tabl', 'tast', 'tasti', 'terribl', 'thi', 'thi place', 'thi wa', 'thing', 'think', 'time', 'tri', 'us', 'vega', 'veri', 'veri good', 'wa', 'wa good', 'wa veri', 'wait', 'want', 'way', 'well', 'went', 'worst', 'worth', 'would']"
"(1, 1)",10,1.0,svm,0.7433333333333333,0.7158671586715867,126,53,97,24,"['-', 'also', 'alway', 'amaz', 'ani', 'ask', 'atmospher', 'awesom', 'back', 'bad', 'becaus', 'best', 'better', 'bland', 'breakfast', 'buffet', 'burger', 'came', 'chicken', 'come', 'cook', 'could', 'definit', 'delici', 'disappoint', 'dish', 'eat', 'enjoy', 'enough', 'even', 'ever', 'everyth', 'excel', 'experi', 'fantast', 'feel', 'first', 'flavor', 'food', 'fresh', 'fri', 'friendli', 'get', 'give', 'go', 'good', 'got', 'great', 'ha', 'know', 'like', 'littl', 'love', 'lunch', 'made', 'manag', 'meal', 'meat', 'menu', 'minut', 'much', 'never', 'next', 'nice', 'night', 'one', 'onli', 'order', 'perfect', 'pizza', 'place', 'pretti', 'price', 'qualiti', 'realli', 'recommend', 'restaur', 'salad', 'say', 'select', 'serv', 'server', 'servic', 'side', 'slow', 'staff', 'star', 'steak', 'still', 'sushi', 'tabl', 'tast', 'tasti', 'terribl', 'thi', 'thing', 'think', 'time', 'tri', 'us', 'vega', 'veri', 'wa', 'wait', 'want', 'way', 'well', 'went', 'worst', 'worth', 'would']"
"(1, 1)",10,1.0,mnb,0.69,0.6782006920415224,109,52,98,41,"['-', 'also', 'alway', 'amaz', 'ani', 'ask', 'atmospher', 'awesom', 'back', 'bad', 'becaus', 'best', 'better', 'bland', 'breakfast', 'buffet', 'burger', 'came', 'chicken', 'come', 'cook', 'could', 'definit', 'delici', 'disappoint', 'dish', 'eat', 'enjoy', 'enough', 'even', 'ever', 'everyth', 'excel', 'experi', 'fantast', 'feel', 'first', 'flavor', 'food', 'fresh', 'fri', 'friendli', 'get', 'give', 'go', 'good', 'got', 'great', 'ha', 'know', 'like', 'littl', 'love', 'lunch', 'made', 'manag', 'meal', 'meat', 'menu', 'minut', 'much', 'never', 'next', 'nice', 'night', 'one', 'onli', 'order', 'perfect', 'pizza', 'place', 'pretti', 'price', 'qualiti', 'realli', 'recommend', 'restaur', 'salad', 'say', 'select', 'serv', 'server', 'servic', 'side', 'slow', 'staff', 'star', 'steak', 'still', 'sushi', 'tabl', 'tast', 'tasti', 'terribl', 'thi', 'thing', 'think', 'time', 'tri', 'us', 'vega', 'veri', 'wa', 'wait', 'want', 'way', 'well', 'went', 'worst', 'worth', 'would']"
"(1, 2)",10,1.0,svm,0.73,0.7054545454545454,122,53,97,28,"['-', 'also', 'alway', 'amaz', 'ani', 'ask', 'atmospher', 'awesom', 'back', 'bad', 'becaus', 'best', 'better', 'bland', 'breakfast', 'buffet', 'burger', 'came', 'chicken', 'come', 'cook', 'could', 'definit', 'delici', 'disappoint', 'dish', 'eat', 'enjoy', 'enough', 'even', 'ever', 'everyth', 'excel', 'experi', 'fantast', 'feel', 'first', 'flavor', 'food', 'food wa', 'fresh', 'fri', 'friendli', 'get', 'give', 'go', 'go back', 'good', 'got', 'great', 'ha', 'know', 'like', 'littl', 'love', 'lunch', 'made', 'manag', 'meal', 'meat', 'menu', 'minut', 'much', 'never', 'next', 'nice', 'night', 'one', 'onli', 'order', 'perfect', 'pizza', 'place', 'pretti', 'price', 'qualiti', 'realli', 'recommend', 'restaur', 'salad', 'say', 'select', 'serv', 'server', 'servic', 'servic wa', 'side', 'slow', 'staff', 'star', 'steak', 'still', 'sushi', 'tabl', 'tast', 'tasti', 'terribl', 'thi', 'thi place', 'thi wa', 'thing', 'think', 'time', 'tri', 'us', 'vega', 'veri', 'veri good', 'wa', 'wa good', 'wa veri', 'wait', 'want', 'way', 'well', 'went', 'worst', 'worth', 'would']"
"(1, 2)",10,1.0,mnb,0.72,0.6934306569343065,121,55,95,29,"['-', 'also', 'alway', 'amaz', 'ani', 'ask', 'atmospher', 'awesom', 'back', 'bad', 'becaus', 'best', 'better', 'bland', 'breakfast', 'buffet', 'burger', 'came', 'chicken', 'come', 'cook', 'could', 'definit', 'delici', 'disappoint', 'dish', 'eat', 'enjoy', 'enough', 'even', 'ever', 'everyth', 'excel', 'experi', 'fantast', 'feel', 'first', 'flavor', 'food', 'food wa', 'fresh', 'fri', 'friendli', 'get', 'give', 'go', 'go back', 'good', 'got', 'great', 'ha', 'know', 'like', 'littl', 'love', 'lunch', 'made', 'manag', 'meal', 'meat', 'menu', 'minut', 'much', 'never', 'next', 'nice', 'night', 'one', 'onli', 'order', 'perfect', 'pizza', 'place', 'pretti', 'price', 'qualiti', 'realli', 'recommend', 'restaur', 'salad', 'say', 'select', 'serv', 'server', 'servic', 'servic wa', 'side', 'slow', 'staff', 'star', 'steak', 'still', 'sushi', 'tabl', 'tast', 'tasti', 'terribl', 'thi', 'thi place', 'thi wa', 'thing', 'think', 'time', 'tri', 'us', 'vega', 'veri', 'veri good', 'wa', 'wa good', 'wa veri', 'wait', 'want', 'way', 'well', 'went', 'worst', 'worth', 'would']"
"(1, 3)",10,1.0,svm,0.6933333333333334,0.6849315068493151,108,50,100,42,"['-', 'also', 'alway', 'amaz', 'ani', 'ask', 'atmospher', 'awesom', 'back', 'bad', 'becaus', 'best', 'better', 'bland', 'breakfast', 'buffet', 'burger', 'came', 'chicken', 'come', 'cook', 'could', 'definit', 'delici', 'disappoint', 'dish', 'eat', 'enjoy', 'enough', 'even', 'ever', 'everyth', 'excel', 'experi', 'fantast', 'feel', 'first', 'flavor', 'food', 'food wa', 'fresh', 'fri', 'friendli', 'get', 'give', 'go', 'go back', 'good', 'got', 'great', 'ha', 'know', 'like', 'littl', 'love', 'lunch', 'made', 'manag', 'meal', 'meat', 'menu', 'minut', 'much', 'never', 'next', 'nice', 'night', 'one', 'onli', 'order', 'perfect', 'pizza', 'place', 'pretti', 'price', 'qualiti', 'realli', 'recommend', 'restaur', 'salad', 'say', 'select', 'serv', 'server', 'servic', 'servic wa', 'side', 'slow', 'staff', 'star', 'steak', 'still', 'sushi', 'tabl', 'tast', 'tasti', 'terribl', 'thi', 'thi place', 'thi wa', 'thing', 'think', 'time', 'tri', 'us', 'vega', 'veri', 'veri good', 'wa', 'wa good', 'wa veri', 'wait', 'want', 'way', 'well', 'went', 'worst', 'worth', 'would']"
"(1, 3)",10,1.0,mnb,0.7366666666666667,0.7392739273927392,109,38,112,41,"['-', 'also', 'alway', 'amaz', 'ani', 'ask', 'atmospher', 'awesom', 'back', 'bad', 'becaus', 'best', 'better', 'bland', 'breakfast', 'buffet', 'burger', 'came', 'chicken', 'come', 'cook', 'could', 'definit', 'delici', 'disappoint', 'dish', 'eat', 'enjoy', 'enough', 'even', 'ever', 'everyth', 'excel', 'experi', 'fantast', 'feel', 'first', 'flavor', 'food', 'food wa', 'fresh', 'fri', 'friendli', 'get', 'give', 'go', 'go back', 'good', 'got', 'great', 'ha', 'know', 'like', 'littl', 'love', 'lunch', 'made', 'manag', 'meal', 'meat', 'menu', 'minut', 'much', 'never', 'next', 'nice', 'night', 'one', 'onli', 'order', 'perfect', 'pizza', 'place', 'pretti', 'price', 'qualiti', 'realli', 'recommend', 'restaur', 'salad', 'say', 'select', 'serv', 'server', 'servic', 'servic wa', 'side', 'slow', 'staff', 'star', 'steak', 'still', 'sushi', 'tabl', 'tast', 'tasti', 'terribl', 'thi', 'thi place', 'thi wa', 'thing', 'think', 'time', 'tri', 'us', 'vega', 'veri', 'veri good', 'wa', 'wa good', 'wa veri', 'wait', 'want', 'way', 'well', 'went', 'worst', 'worth', 'would']"
